GUID,First Name,Middle,Last Name,Suffix,Professional Title,School,Affiliation
1,Joshua,A.,Beckman,"MD, MS",Associate Professor of Medicine,,Harvard Medical School
2,Matt,T.,Bianchi,"MD, PhD",Assistant Professor of Neurology,,Harvard Medical School
3,Joanne,,Borg-Stein,MD,Associate Professor of Physical Medicine and Rehabilitation,,Harvard Medical School
4,Gary,J.,Brenner,"MD, PhD",Assistant Professor of Anesthesia,,Harvard Medical School
5,Rebecca,C.,Burch,MD,Instructor in Neurology,,Harvard Medical School
6,Gilbert,H.,Daniels,MD,Professor of Medicine,,Harvard Medical School
7,Akshay,S.,Desai,MD,Assistant Professor of Medicine,,Harvard Medical School
8,Anne,D.,Emmerich,MD,Clinical Instructor in Psychiatry,,Harvard Medical School
9,Christopher,H.,Fanta,MD,Professor of Medicine,,Harvard Medical School
10,Robert,P.,Friday,"MD, PhD",Instructor in Medicine,,Harvard Medical School
11,John,D.,Goodson,MD,Associate Professor of Medicine,,Harvard Medical School
12,Galen,V.,Henderson,MD,Assistant Professor of Neurology,,Harvard Medical School
13,Eric,M.,Isselbacher,MD,Associate Professor of Medicine,,Harvard Medical School
14,Kunal,,'Jajoo,MD,Assistant Professor of Medicine,,Harvard Medical School
15,Ramin,,'Khorasani,"MD,MPH",Associate Professor of Radiology,,Harvard Medical School
16,Joshua,,Korzenik,MD,Assistant Professor of Medicine,,Harvard Medical School
17,Daniela,,Kroshinsky,"MD, MPH",Assistant Professor of Dermatology,,Harvard Medical School
18,Donald,B.,Levy,MD,Assistant Professor of Medicine,,Harvard Medical School
19,James,A.,MacLean,MD,Assistant Clinical Professor of Medicine,,Harvard Medical School
20,David,M.,Nathan,MD,Professor of Medicine,,Harvard Medical School
21,J.,Carl,Pallais,MD,Assistant Professor of Medicine,,Harvard Medical School
22,Jorge,,Plutzky,MD,Associate Professor of Medicine,,Harvard Medical School
23,Claudia,U.,Richter,MD,Clinical Instructor in Ophthalmology,,Harvard Medical School
24,Martin,A.,Samuels,MD,Miriam Sydney Joseph Professor of Neurology,,Harvard Medical School
25,Paul,E.,Sax,MD,Professor of Medicine,,Harvard Medical School
26,Jane,S.,Sillman,MD,Assistant Professor of Medicine,,Harvard Medical School
27,David,J. R.,Steele,MD,Assistant Professor of Medicine,,Harvard Medical School
28,Lisa,,Weissmann,MD,Assistant Professor of Medicine,,Harvard Medical School
29,Andrew,E.,Budson,MD,Professor of Neurology,Boston University School of Medicine,Guest Faculty
30,R.,William,Mason,MD,"Boston University School of Medicine; Otolaryngology, Department of Surgery, Faulkner Hospital",,Guest Faculty